City,Suburb,Sales 2Q 2023,Median 2Q 2023,Sales 2Q 2024,Median 2Q 2024,Median Change,Change Factor,Distance to CBD (km),Employment Rate (%),Interest Rate Sensitivity
ADELAIDE,ADELAIDE,4,978000,7,1750000,0.789366053,1.18404908,19.35246582,75.90893727,1.077387474
ADELAIDE,NORTH ADELAIDE,3,1080000,6,1325000,0.226851852,0.340277778,47.58500101,81.9645328,1.211345433
ADELAIDE HILLS,ALDGATE,11,1119045,10,1240000,0.1080877,0.16213155,36.86770315,80.45100092,1.93809181
ADELAIDE HILLS,ASHTON,,,2,850500,,,30.33426573,91.54053037,1.094243431
ADELAIDE HILLS,BALHANNAH,1,635000,8,892500,0.405511811,0.608267717,8.644913382,61.59062331,1.632809281
ADELAIDE HILLS,BASKET RANGE,,,,,,,8.643731496,69.83371164,1.452100804
ADELAIDE HILLS,BELAIR,19,1101000,14,1035000,-0.059945504,-0.089918256,3.846096996,93.26440194,1.827342331
ADELAIDE HILLS,BIRDWOOD,2,544000,4,627500,0.153492647,0.230238971,43.44263114,91.15923244,2.373659479
ADELAIDE HILLS,BRADBURY,,,1,1075000,,,30.45463558,75.94798635,1.965144194
ADELAIDE HILLS,BRIDGEWATER,23,800000,13,831000,0.03875,0.058125,35.69555631,81.70464092,0.929880757
ADELAIDE HILLS,CAREY GULLY,,,,,,,2.00864022,69.7083414,0.56236627
ADELAIDE HILLS,CASTAMBUL,,,,,,,48.52558276,66.58424059,1.024528089
ADELAIDE HILLS,CHARLESTON,1,780000,2,780000,0,0,41.7896894,76.22944417,1.690155861
ADELAIDE HILLS,CHERRYVILLE,,,,,,,11.40461642,72.36732798,0.602851627
ADELAIDE HILLS,CLELAND,,,,,,,9.909423393,80.42796391,1.492732494
ADELAIDE HILLS,CRAFERS,11,1045000,9,1055000,0.009569378,0.014354067,9.986820983,62.72071229,1.693685698
ADELAIDE HILLS,CRAFERS WEST,2,1270000,3,793000,-0.375590551,-0.563385827,15.90786991,94.10381827,1.168487782
ADELAIDE HILLS,DORSET VALE,,,,,,,26.71306515,94.51737606,2.041824407
ADELAIDE HILLS,GREENHILL,2,752500,1,1205000,0.601328904,0.901993355,22.16530591,84.43565999,0.713196506
ADELAIDE HILLS,GUMERACHA,1,625000,1,600000,-0.04,-0.06,15.27022787,78.76337282,0.650275563
ADELAIDE HILLS,HEATHFIELD,4,980000,3,1200000,0.224489796,0.336734694,30.98079184,70.83346657,1.956377512
ADELAIDE HILLS,HORSNELL GULLY,1,1300000,,,,,7.835199172,88.48282569,1.490982632
ADELAIDE HILLS,HUMBUG SCRUB,,,,,,,15.31508778,83.96559104,1.876804793
ADELAIDE HILLS,IRONBANK,,,,,,,18.95173032,65.69159288,1.369654677
ADELAIDE HILLS,KERSBROOK,5,801000,,,,,23.34742923,91.88245146,0.992804066
ADELAIDE HILLS,LENSWOOD,3,660000,,,,,39.47362211,88.7888035,2.138204635
ADELAIDE HILLS,LOBETHAL,4,592500,10,655000,0.105485232,0.158227848,10.78401533,93.24299697,2.098831758
ADELAIDE HILLS,LONGWOOD,,,1,720000,,,26.19748748,85.40018279,1.889392942
ADELAIDE HILLS,MARBLE HILL,,,,,,,30.02831387,81.46953186,1.044290274
ADELAIDE HILLS,MONTACUTE,,,1,1038000,,,3.276070223,74.63850627,1.680461334
ADELAIDE HILLS,MOUNT GEORGE,1,1050000,,,,,30.76969774,92.64549692,1.221947794
ADELAIDE HILLS,MYLOR,,,1,884000,,,9.355682061,90.31223613,0.683164147
ADELAIDE HILLS,NORTON SUMMIT,1,1100000,,,,,4.187528056,61.58265345,2.334627151
ADELAIDE HILLS,OAKBANK,1,860000,2,1188625,0.382122093,0.57318314,47.49539133,60.92284411,0.773637262
ADELAIDE HILLS,PICCADILLY,1,830000,,,,,48.31596962,73.17621784,2.400474708
ADELAIDE HILLS,ROSTREVOR,26,874575,32,1085000,0.240602578,0.360903868,40.61147006,88.36936658,1.392011546
ADELAIDE HILLS,SCOTT CREEK,,,,,,,15.92607469,94.55466453,0.870265858
ADELAIDE HILLS,STIRLING,5,1120000,9,1450000,0.294642857,0.441964286,5.785933586,65.26459119,1.583801895
ADELAIDE HILLS,SUMMERTOWN,,,2,967500,,,34.5274183,80.79457504,2.245891672
ADELAIDE HILLS,TERINGIE,4,1169000,3,1350000,0.154833191,0.232249786,22.56747219,73.33117998,1.964449773
ADELAIDE HILLS,UPPER STURT,,,2,975000,,,6.979873507,93.94700392,2.113122296
ADELAIDE HILLS,URAIDLA,1,1105000,,,,,25.2636686,89.47416231,1.817566733
ADELAIDE HILLS,WATERFALL GULLY,1,1290000,,,,,2.685037535,89.34150466,1.884553129
ADELAIDE HILLS,WOODFORDE,5,1110000,7,1380000,0.243243243,0.364864865,45.5566997,76.40426059,2.198391303
ADELAIDE HILLS,WOODSIDE,7,617000,8,788278,0.277598055,0.416397083,13.6802191,74.51868258,0.999336018
BURNSIDE,AULDANA,1,2068000,1,2760000,0.334622824,0.501934236,33.46359193,69.56924752,1.478849927
BURNSIDE,BEAUMONT,11,1790000,9,1680000,-0.061452514,-0.092178771,16.27384273,61.97314238,0.942418884
BURNSIDE,BEULAH PARK,4,1100000,5,1445000,0.313636364,0.470454545,26.48333304,90.26528317,2.475336016
BURNSIDE,BURNSIDE,11,1280000,12,1700000,0.328125,0.4921875,27.78880369,88.45153532,2.388118679
BURNSIDE,DULWICH,1,962500,4,1960000,1.036363636,1.554545455,10.05786832,94.99011857,0.578853623
BURNSIDE,EASTWOOD,3,1200000,1,1580000,0.316666667,0.475,48.50964676,94.8822893,1.911150345
BURNSIDE,ERINDALE,1,1500000,4,2025000,0.35,0.525,38.98150834,79.4401097,2.350496635
BURNSIDE,FREWVILLE,2,1271000,1,1215000,-0.044059795,-0.066089693,47.03544814,86.91455953,0.86115069
BURNSIDE,GLEN OSMOND,4,1165000,6,1400000,0.201716738,0.302575107,44.84654017,93.06680055,1.635890461
BURNSIDE,GLENSIDE,5,1700000,16,1561280,-0.0816,-0.1224,30.29709896,89.73765867,2.330976595
BURNSIDE,GLENUNGA,3,1475000,4,1385000,-0.061016949,-0.091525424,46.17183752,68.65718356,0.567891957
BURNSIDE,HAZELWOOD PARK,3,1720000,8,2000000,0.162790698,0.244186047,5.336132601,75.76904474,1.894840534
BURNSIDE,HORSNELL GULLY,1,1300000,,,,,10.60316026,64.52057953,1.094698015
BURNSIDE,KENSINGTON GARDENS,10,1841500,6,1450000,-0.212598425,-0.318897638,3.216137157,93.39178595,2.348792391
BURNSIDE,KENSINGTON PARK,1,1230000,5,1600000,0.300813008,0.451219512,16.94118621,81.21611221,2.44211649
BURNSIDE,LEABROOK,1,2890000,6,2333750,-0.192474048,-0.288711073,20.04518719,68.00249819,2.388532978
BURNSIDE,LEAWOOD GARDENS,,,,,,,14.29610256,83.50952395,1.448428433
BURNSIDE,LINDEN PARK,7,1392500,3,1600000,0.149012567,0.223518851,41.60813795,81.63448842,2.224085302
BURNSIDE,MAGILL,23,1000000,24,1031000,0.031,0.0465,18.48091301,72.53569513,2.189098797
BURNSIDE,MOUNT OSMOND,,,1,1600000,,,14.76579097,63.97451573,1.138200946
BURNSIDE,ROSE PARK,1,1830000,,,,,27.59210807,83.50506185,2.157830948
BURNSIDE,ROSSLYN PARK,3,1430000,2,1567500,0.096153846,0.144230769,7.905287024,78.21076953,0.574015269
BURNSIDE,SKYE,1,1060000,2,1750000,0.650943396,0.976415094,40.30765206,87.03114371,1.692539757
BURNSIDE,ST GEORGES,5,2350000,10,1850000,-0.212765957,-0.319148936,4.65298154,78.20572254,0.960017675
BURNSIDE,STONYFELL,9,1585000,7,1423000,-0.102208202,-0.153312303,49.35745989,89.82635251,0.741133772
BURNSIDE,TOORAK GARDENS,2,1660000,7,2200000,0.325301205,0.487951807,38.8399937,79.31673936,0.653906403
BURNSIDE,TUSMORE,4,1950000,8,2000000,0.025641026,0.038461538,10.7370684,79.632829,1.892577552
BURNSIDE,WATERFALL GULLY,1,1290000,,,,,1.270583739,90.68287609,1.179749928
BURNSIDE,WATTLE PARK,4,1365944,7,1950000,0.427584147,0.64137622,40.95760999,74.12190032,1.949533543
CAMPBELLTOWN,ATHELSTONE,32,795500,31,892500,0.121935889,0.182903834,35.63600985,64.690533,0.630712682
CAMPBELLTOWN,CAMPBELLTOWN,26,811000,28,991000,0.221948212,0.332922318,36.72135123,61.00739367,1.130580676
CAMPBELLTOWN,HECTORVILLE,11,842000,13,906000,0.076009501,0.114014252,38.79224699,86.42980395,1.578982585
CAMPBELLTOWN,MAGILL,23,1000000,24,1031000,0.031,0.0465,4.628187935,81.7108343,2.08144633
CAMPBELLTOWN,NEWTON,8,805000,16,855000,0.062111801,0.093167702,18.5648207,84.64279188,1.137505006
CAMPBELLTOWN,PARADISE,18,813000,24,890500,0.095325953,0.14298893,6.677583917,67.45374565,1.751782753
CAMPBELLTOWN,ROSTREVOR,26,874575,32,1085000,0.240602578,0.360903868,43.29206787,64.77300165,2.271955496
CAMPBELLTOWN,TRANMERE,16,1102500,9,1135000,0.029478458,0.044217687,31.54160821,60.5090633,1.731726376
CHARLES STURT,ALBERT PARK,7,662250,7,787500,0.189127973,0.283691959,17.21400322,72.27056456,0.96591895
CHARLES STURT,ALLENBY GARDENS,1,1310000,9,960000,-0.267175573,-0.400763359,4.114359164,80.64711904,0.548801563
CHARLES STURT,ATHOL PARK,4,595000,3,880000,0.478991597,0.718487395,16.23813376,73.72854158,2.240197748
CHARLES STURT,BEVERLEY,6,670000,3,1081750,0.614552239,0.921828358,16.93398278,75.31162227,0.542538822
CHARLES STURT,BOWDEN,3,914500,4,1076000,0.176599235,0.264898852,36.75070274,91.64555431,2.249403345
CHARLES STURT,BROMPTON,11,827160,5,970000,0.172687267,0.259030901,32.2403161,72.18894135,1.557874268
CHARLES STURT,CHELTENHAM,5,870000,9,869000,-0.001149425,-0.001724138,44.47342439,77.98963212,2.378135397
CHARLES STURT,CROYDON,2,760000,8,1283000,0.688157895,1.032236842,24.13853133,87.42785545,2.097566472
CHARLES STURT,DEVON PARK,5,665000,7,792750,0.192105263,0.288157895,6.860118051,73.87899738,2.495868221
CHARLES STURT,FINDON,25,780700,34,898000,0.150249776,0.225374664,35.94899457,81.77303451,1.201423631
CHARLES STURT,FLINDERS PARK,13,840000,26,980000,0.166666667,0.25,38.27846738,90.18272981,2.034376578
CHARLES STURT,FULHAM GARDENS,18,990000,16,1050000,0.060606061,0.090909091,28.50258268,93.23322183,1.303861827
CHARLES STURT,GRANGE,11,1191000,18,1372500,0.152392947,0.228589421,38.77739182,65.14757183,1.459751241
CHARLES STURT,HENDON,4,712000,8,761000,0.068820225,0.103230337,25.19598422,92.43056688,1.755010926
CHARLES STURT,HENLEY BEACH,18,1410000,9,1600000,0.134751773,0.20212766,26.61390864,77.22407026,2.247354228
CHARLES STURT,HENLEY BEACH SOUTH,6,1357500,10,1610000,0.186003683,0.279005525,21.9495099,69.03855359,2.468166938
CHARLES STURT,HINDMARSH,,,,,,,2.24553721,76.06975147,2.036546828
CHARLES STURT,KIDMAN PARK,8,1002500,8,1150000,0.14713217,0.220698254,6.286679923,94.30114013,1.335533564
CHARLES STURT,KILKENNY,3,660000,5,852500,0.291666667,0.4375,2.540030099,77.24163329,1.342714005
CHARLES STURT,OVINGHAM,1,1150000,,,,,32.18411015,71.50630636,1.975164603
CHARLES STURT,PENNINGTON,4,740000,11,750000,0.013513514,0.02027027,16.40344307,82.1690299,0.977554292
CHARLES STURT,RENOWN PARK,6,778000,3,1213000,0.559125964,0.838688946,25.91996387,68.40509666,0.720948226
CHARLES STURT,RIDLEYTON,6,724250,1,804250,0.110459096,0.165688643,45.47075722,62.65521648,1.209244315
CHARLES STURT,ROYAL PARK,18,597888,11,917500,0.534568347,0.801852521,13.21531923,64.51079027,1.074477983
CHARLES STURT,SEATON,40,800000,24,880000,0.1,0.15,21.10876323,64.48160436,1.092616241
CHARLES STURT,SEMAPHORE PARK,6,912500,14,945000,0.035616438,0.053424658,38.02200579,65.31659427,0.967215502
CHARLES STURT,ST CLAIR,16,459000,3,778500,0.696078431,1.044117647,12.21111011,64.85895104,0.584186379
CHARLES STURT,TENNYSON,5,1919000,5,2750000,0.433038041,0.649557061,4.772015582,82.43061607,0.535747869
CHARLES STURT,WELLAND,1,920000,2,929000,0.009782609,0.014673913,15.19782119,66.36580295,2.475444779
CHARLES STURT,WEST BEACH,21,1082000,12,1250000,0.155268022,0.232902033,8.899843075,72.09835492,1.355546267
CHARLES STURT,WEST CROYDON,18,940000,11,1040300,0.106702128,0.160053191,46.55518496,91.38759435,1.268653294
CHARLES STURT,WEST HINDMARSH,7,770000,4,1207900,0.568701299,0.853051948,40.5978986,76.58865741,1.859294565
CHARLES STURT,WEST LAKES,19,810000,20,1150000,0.419753086,0.62962963,32.03678407,83.36452085,0.936507776
CHARLES STURT,WEST LAKES SHORE,14,951350,14,1270000,0.334945078,0.502417617,43.70156892,66.03119549,2.399922368
CHARLES STURT,WOODVILLE,,,,,,,40.37993177,66.73011566,2.072690029
CHARLES STURT,WOODVILLE NORTH,7,677800,2,880000,0.298318088,0.447477132,10.14193289,61.43040157,0.678822005
CHARLES STURT,WOODVILLE PARK,,,,,,,44.73539093,65.91272721,1.335161552
CHARLES STURT,WOODVILLE SOUTH,,,,,,,27.42776985,69.75066187,2.258236615
CHARLES STURT,WOODVILLE WEST,,,,,,,40.5645676,66.19536695,2.389464045
GAWLER,BIBARINGA,,,,,,,44.9084737,63.10458868,1.434803022
GAWLER,EVANSTON,14,435000,11,465000,0.068965517,0.103448276,16.58217027,64.22225549,1.726822778
GAWLER,EVANSTON GARDENS,19,445000,24,535000,0.202247191,0.303370787,6.392544302,76.12725688,0.834067892
GAWLER,EVANSTON PARK,21,491250,15,590000,0.201017812,0.301526718,12.16882296,67.22168014,2.482337252
GAWLER,EVANSTON SOUTH,2,550000,6,612500,0.113636364,0.170454545,21.92828164,72.74944514,0.963343403
GAWLER,GAWLER,,,3,815000,,,41.08272353,77.61960448,2.385463548
GAWLER,GAWLER EAST,38,605000,23,733000,0.211570248,0.317355372,43.17579858,84.163819,1.799293298
GAWLER,GAWLER SOUTH,17,487500,11,605000,0.241025641,0.361538462,1.340654396,61.37592489,1.71547359
GAWLER,GAWLER WEST,1,522000,2,800000,0.53256705,0.798850575,26.02661783,87.97936396,1.525377022
GAWLER,HILLIER,,,2,600000,,,21.45313915,81.97651363,0.961339623
GAWLER,KUDLA,,,,,,,11.88328271,62.86156612,0.853056064
GAWLER,REID,3,710000,1,765000,0.077464789,0.116197183,6.873402999,90.57525184,0.940972418
GAWLER,ULEYBURY,,,,,,,17.5431434,92.23053402,0.872876524
GAWLER,WILLASTON,14,462000,20,585000,0.266233766,0.399350649,47.20257549,62.13772859,2.059168947
HOLDFAST BAY,BRIGHTON,8,1125000,6,1477500,0.313333333,0.47,16.83694367,69.69071769,1.200250518
HOLDFAST BAY,GLENELG,1,1350000,3,1597500,0.183333333,0.275,26.42074047,88.21704479,0.615685353
HOLDFAST BAY,GLENELG EAST,8,1272500,5,1725000,0.355599214,0.533398821,35.44792899,86.18908916,2.43820526
HOLDFAST BAY,GLENELG NORTH,18,1058750,33,1300000,0.227863046,0.341794569,18.81785052,66.45823568,2.26757177
HOLDFAST BAY,GLENELG SOUTH,2,1740000,3,2425000,0.393678161,0.590517241,48.61732205,67.32722632,2.355504566
HOLDFAST BAY,HOVE,6,1170000,10,1402750,0.198931624,0.298397436,48.15991745,72.9665236,2.489815645
HOLDFAST BAY,KINGSTON PARK,,,2,2612500,,,13.3373325,76.95830448,0.847790498
HOLDFAST BAY,NORTH BRIGHTON,4,1068000,9,1375000,0.287453184,0.431179775,25.36517679,81.638917,1.292484038
HOLDFAST BAY,SEACLIFF,2,1085000,6,2327500,1.14516129,1.717741935,15.74303718,72.91197738,2.016476951
HOLDFAST BAY,SEACLIFF PARK,13,790000,12,1000000,0.265822785,0.398734177,14.95718422,76.18871506,1.892041236
HOLDFAST BAY,SOMERTON PARK,24,1837900,17,1710000,-0.069590293,-0.10438544,2.80746042,86.16148283,0.807791813
HOLDFAST BAY,SOUTH BRIGHTON,3,1140000,10,1300000,0.140350877,0.210526316,30.86865237,61.2839121,2.13166625
MARION,ASCOT PARK,6,768750,8,908000,0.181138211,0.271707317,25.63127214,68.83529305,0.948881144
MARION,BEDFORD PARK,4,777250,3,785500,0.010614345,0.015921518,3.522458811,84.96723551,0.94763523
MARION,CLOVELLY PARK,14,780000,13,805000,0.032051282,0.048076923,14.65367675,91.33223932,1.573948846
MARION,DARLINGTON,9,729500,4,755000,0.034955449,0.052433173,45.50502841,77.90871047,1.68587987
MARION,DOVER GARDENS,13,725000,13,887500,0.224137931,0.336206897,12.73853264,78.62397198,1.660172416
MARION,EDWARDSTOWN,10,850000,11,1075000,0.264705882,0.397058824,8.099848732,63.7510204,0.682973675
MARION,GLANDORE,11,985000,9,1205000,0.223350254,0.335025381,24.98318525,75.65943284,2.254921725
MARION,GLENGOWRIE,16,1108000,12,1175000,0.060469314,0.090703971,49.29687225,78.64160433,1.031200085
MARION,HALLETT COVE,47,762500,44,846000,0.109508197,0.164262295,12.8607083,68.48646763,0.759029843
MARION,LONSDALE,,,,,,,33.93464182,69.42351308,2.27749616
MARION,MARINO,6,1072500,6,1060000,-0.011655012,-0.017482517,38.31936115,73.20494571,2.411302996
MARION,MARION,21,630000,12,890000,0.412698413,0.619047619,12.64423966,60.70249192,2.224255235
MARION,MITCHELL PARK,24,690000,8,807750,0.170652174,0.255978261,36.68260108,71.2727708,2.119032149
MARION,MORPHETTVILLE,11,760000,12,943750,0.241776316,0.362664474,19.0213735,67.40068024,1.810483961
MARION,OAKLANDS PARK,14,725000,9,900000,0.24137931,0.362068966,31.9829857,71.46240733,1.601714741
MARION,O'HALLORAN HILL,10,636250,14,736000,0.156777996,0.235166994,32.04295583,64.19167461,0.67397352
MARION,PARK HOLME,7,760000,11,825950,0.086776316,0.130164474,27.25295952,91.16845483,1.316906426
MARION,PLYMPTON PARK,12,871000,11,915500,0.0510907,0.076636051,5.424198733,80.77573587,1.245377034
MARION,SEACLIFF PARK,13,790000,12,1000000,0.265822785,0.398734177,41.92982228,83.76858117,1.019507568
MARION,SEACOMBE GARDENS,7,726500,9,775000,0.066758431,0.100137646,16.71822318,87.62099335,1.946840227
MARION,SEACOMBE HEIGHTS,5,750000,5,910000,0.213333333,0.32,10.13940701,77.44547696,1.49175147
MARION,SEAVIEW DOWNS,4,772500,6,790000,0.022653722,0.033980583,2.997981936,63.04221008,0.662092432
MARION,SHEIDOW PARK,22,700000,12,840000,0.2,0.3,29.95375422,78.79872896,0.940366404
MARION,SOUTH PLYMPTON,11,857000,12,947500,0.105600933,0.1584014,34.20065373,80.53943913,1.866517527
MARION,STURT,12,735000,6,890000,0.210884354,0.316326531,1.812803617,86.0903816,0.652261719
MARION,TONSLEY,4,510000,3,621500,0.218627451,0.327941176,26.09255986,75.10808412,2.202413828
MARION,TROTT PARK,11,647500,11,767500,0.185328185,0.277992278,12.09829298,64.4653106,1.490293054
MARION,WARRADALE,18,910000,21,960000,0.054945055,0.082417582,32.61346673,69.9321567,1.461173155
MITCHAM,BEDFORD PARK,4,777250,3,785500,0.010614345,0.015921518,9.543955021,72.70788037,1.684815569
MITCHAM,BELAIR,19,1101000,14,1035000,-0.059945504,-0.089918256,34.85594917,82.60710345,2.149361932
MITCHAM,BELLEVUE HEIGHTS,12,818000,10,865000,0.057457213,0.086185819,19.95003197,79.97724066,1.195618416
MITCHAM,BLACKWOOD,12,846000,11,896250,0.059397163,0.089095745,46.89976945,72.46338541,1.856032305
MITCHAM,BROWN HILL CREEK,,,,,,,7.738526263,94.52803371,1.631463928
MITCHAM,CLAPHAM,8,940000,4,1150500,0.22393617,0.335904255,17.7122512,81.20211868,1.03405654
MITCHAM,CLARENCE GARDENS,5,873000,7,1277000,0.46277205,0.694158076,6.560202541,68.30293771,2.257259973
MITCHAM,COLONEL LIGHT GARDENS,9,1202500,7,1597500,0.328482328,0.492723493,46.3099873,63.56238654,2.094852043
MITCHAM,COROMANDEL VALLEY,17,777777,15,895000,0.150715436,0.226073155,43.98962832,65.35006987,1.816903669
MITCHAM,CRAFERS WEST,2,1270000,3,793000,-0.375590551,-0.563385827,13.63913976,68.60852049,2.201163458
MITCHAM,CRAIGBURN FARM,12,1120000,10,1220000,0.089285714,0.133928571,33.33921826,65.62384806,2.234588402
MITCHAM,CUMBERLAND PARK,8,1300500,5,1180000,-0.092656671,-0.138985006,41.04388781,66.52984584,1.916725953
MITCHAM,DAW PARK,4,911000,6,1099500,0.206915477,0.310373216,28.20483977,69.9783309,2.174026657
MITCHAM,EDEN HILLS,6,902500,11,910000,0.008310249,0.012465374,26.95287834,66.06807584,1.894942923
MITCHAM,GLENALTA,8,987500,8,1100000,0.113924051,0.170886076,12.85076225,91.38678986,1.860281544
MITCHAM,HAWTHORN,7,1683000,9,1775500,0.054961378,0.082442068,5.562035622,62.8081811,1.737222756
MITCHAM,HAWTHORNDENE,11,791000,15,860000,0.087231353,0.130847029,44.96357214,78.35789863,2.005433279
MITCHAM,KINGSWOOD,6,1680000,4,1800000,0.071428571,0.107142857,45.1204848,74.36388894,0.817210211
MITCHAM,LEAWOOD GARDENS,,,,,,,32.02197141,94.38325159,2.261741518
MITCHAM,LOWER MITCHAM,11,1202500,6,1350100,0.122744283,0.184116424,17.61245976,63.92136158,2.243687055
MITCHAM,LYNTON,,,,,,,18.11126916,73.92494597,0.558494566
MITCHAM,MELROSE PARK,8,876000,10,1052000,0.200913242,0.301369863,36.57182826,93.93146516,2.151633501
MITCHAM,MITCHAM,3,885000,6,1957578,1.211952542,1.817928814,44.95840274,90.29274941,0.757739735
MITCHAM,NETHERBY,3,1225000,7,2000000,0.632653061,0.948979592,44.46723479,88.59752248,1.170237709
MITCHAM,PANORAMA,11,987500,8,1050000,0.063291139,0.094936709,39.21390175,69.02659895,1.987016513
MITCHAM,PASADENA,10,770000,9,956500,0.242207792,0.363311688,32.45955066,65.98106556,0.821519792
MITCHAM,SPRINGFIELD,2,2527500,3,2850000,0.127596439,0.191394659,5.122858285,83.4025127,2.135934048
MITCHAM,ST MARYS,14,839000,5,850000,0.013110846,0.019666269,8.919806991,92.52815962,2.164268356
MITCHAM,TORRENS PARK,10,1382500,6,2142500,0.549728752,0.824593128,45.02915524,79.48670126,1.514935468
MITCHAM,UPPER STURT,,,2,975000,,,30.71502392,80.00644413,0.512771743
MITCHAM,URRBRAE,1,1780000,5,1700000,-0.04494382,-0.06741573,1.450655529,69.79926828,1.074076266
MITCHAM,WESTBOURNE PARK,8,1342500,12,1900000,0.415270019,0.622905028,5.9721056,86.93225266,1.733853837
NORWOOD PAYNEHAM & ST PETERS,COLLEGE PARK,1,1033000,2,1925000,0.863504356,1.295256534,33.51158669,66.5465312,2.462372356
NORWOOD PAYNEHAM & ST PETERS,EVANDALE,5,1396500,,,,,1.248017608,71.32877327,1.763627054
NORWOOD PAYNEHAM & ST PETERS,FELIXSTOW,12,861500,10,1116250,0.295705165,0.443557748,8.879594519,74.89027535,1.019607162
NORWOOD PAYNEHAM & ST PETERS,FIRLE,3,825000,7,1200125,0.45469697,0.682045455,27.88795568,77.76636325,1.768011406
NORWOOD PAYNEHAM & ST PETERS,GLYNDE,9,836000,8,1009000,0.206937799,0.310406699,34.90286469,68.48434063,1.579970759
NORWOOD PAYNEHAM & ST PETERS,HACKNEY,1,1380000,,,,,32.94610172,64.01928887,2.05969079
NORWOOD PAYNEHAM & ST PETERS,HEATHPOOL,1,1914000,1,2310000,0.206896552,0.310344828,11.98919616,81.37170149,0.713961278
NORWOOD PAYNEHAM & ST PETERS,JOSLIN,3,2170500,2,2600000,0.197880673,0.296821009,35.89678185,70.10206936,2.022055805
NORWOOD PAYNEHAM & ST PETERS,KENSINGTON,2,1280000,1,1000000,-0.21875,-0.328125,12.62520529,80.34333775,1.582533157
NORWOOD PAYNEHAM & ST PETERS,KENT TOWN,3,984000,,,,,16.94458521,65.40269503,2.425984008
NORWOOD PAYNEHAM & ST PETERS,MARDEN,13,422050,3,1455000,2.447458832,3.671188248,37.57807885,76.83990356,1.183744332
NORWOOD PAYNEHAM & ST PETERS,MARRYATVILLE,2,1319000,4,1218000,-0.076573161,-0.114859742,32.83201205,78.64063014,1.765243786
NORWOOD PAYNEHAM & ST PETERS,MAYLANDS,2,1190000,2,1787500,0.50210084,0.753151261,42.61194711,61.81382379,2.364056211
NORWOOD PAYNEHAM & ST PETERS,NORWOOD,14,1870000,13,1225000,-0.344919786,-0.517379679,33.22303172,71.78114974,0.705019456
NORWOOD PAYNEHAM & ST PETERS,PAYNEHAM,2,1210000,8,1332500,0.101239669,0.151859504,28.84712156,64.70451369,2.374456974
NORWOOD PAYNEHAM & ST PETERS,PAYNEHAM SOUTH,3,980000,3,1760000,0.795918367,1.193877551,5.590063624,62.21812397,1.875771445
NORWOOD PAYNEHAM & ST PETERS,ROYSTON PARK,6,1485000,2,1707500,0.14983165,0.224747475,19.01807435,94.64860813,0.635674118
NORWOOD PAYNEHAM & ST PETERS,ST MORRIS,2,995000,7,1492500,0.5,0.75,13.99491602,71.28238457,1.101927134
NORWOOD PAYNEHAM & ST PETERS,ST PETERS,11,2250000,13,2680000,0.191111111,0.286666667,12.95549253,88.3456056,1.916344177
NORWOOD PAYNEHAM & ST PETERS,STEPNEY,,,8,990000,,,48.67751718,68.91242292,0.634701203
NORWOOD PAYNEHAM & ST PETERS,TRINITY GARDENS,2,1793000,4,1317750,-0.265058561,-0.397587842,20.26178851,83.85259528,1.66434092
ONKAPARINGA,ABERFOYLE PARK,31,673000,27,761000,0.130757801,0.196136701,44.7102812,86.6079751,1.191766114
ONKAPARINGA,ALDINGA,3,850000,2,700000,-0.176470588,-0.264705882,31.92579267,80.84735592,1.741831036
ONKAPARINGA,ALDINGA BEACH,55,621000,60,727000,0.170692432,0.256038647,39.94575387,76.5051666,0.591484068
ONKAPARINGA,BLEWITT SPRINGS,,,,,,,25.62921756,74.414432,2.243073612
ONKAPARINGA,CHANDLERS HILL,,,1,1210000,,,29.26829035,72.21038933,2.446977938
ONKAPARINGA,CHERRY GARDENS,,,,,,,25.133367,92.53352005,2.437755711
ONKAPARINGA,CHRISTIE DOWNS,19,461000,15,597500,0.296095445,0.444143167,10.5669064,89.07167927,1.999303663
ONKAPARINGA,CHRISTIES BEACH,23,583500,30,675250,0.157240788,0.235861183,36.40015365,93.77594187,0.76017248
ONKAPARINGA,CLARENDON,2,730000,2,761500,0.043150685,0.064726027,14.75784576,64.35040282,2.016526392
ONKAPARINGA,COROMANDEL EAST,,,,,,,2.191482355,85.58036163,0.549173833
ONKAPARINGA,COROMANDEL VALLEY,17,777777,15,895000,0.150715436,0.226073155,32.6281425,92.84191599,0.544247103
ONKAPARINGA,CRAIGBURN FARM,12,1120000,10,1220000,0.089285714,0.133928571,9.678423291,66.34315732,1.147220438
ONKAPARINGA,DARLINGTON,9,729500,4,755000,0.034955449,0.052433173,47.08247063,62.32736936,1.477286381
ONKAPARINGA,DORSET VALE,,,,,,,47.74250027,85.93922273,2.040814836
ONKAPARINGA,FLAGSTAFF HILL,27,815000,42,944000,0.158282209,0.237423313,45.82835512,80.10655896,1.866590753
ONKAPARINGA,HACKHAM,14,515000,16,590000,0.145631068,0.218446602,19.13777631,89.46400719,1.391805413
ONKAPARINGA,HACKHAM WEST,11,449000,11,595750,0.326837416,0.490256125,1.75737421,64.89203318,1.047253333
ONKAPARINGA,HALLETT COVE,47,762500,44,846000,0.109508197,0.164262295,46.48760957,87.83435592,2.494249
ONKAPARINGA,HAPPY VALLEY,40,671000,39,753251,0.122579732,0.183869598,21.98102327,67.0569562,1.352362604
ONKAPARINGA,HUNTFIELD HEIGHTS,20,520000,19,600000,0.153846154,0.230769231,48.36608613,65.727958,1.402774049
ONKAPARINGA,IRONBANK,,,,,,,48.21737888,65.74930293,0.827247642
ONKAPARINGA,KANGARILLA,1,660000,2,1051500,0.593181818,0.889772727,42.79746332,88.51011521,2.089619097
ONKAPARINGA,LONSDALE,,,,,,,15.42799571,83.28190272,1.887364452
ONKAPARINGA,MASLIN BEACH,3,785000,2,777500,-0.00955414,-0.01433121,19.8697887,78.30728987,0.941539226
ONKAPARINGA,MCLAREN FLAT,4,1029500,3,657750,-0.36109762,-0.54164643,42.7056969,72.55906694,0.664762091
ONKAPARINGA,MCLAREN VALE,7,735000,12,885000,0.204081633,0.306122449,16.52917825,90.70201893,1.860998604
ONKAPARINGA,MOANA,18,695560,20,732500,0.053108287,0.07966243,9.305144588,73.73557876,1.809022429
ONKAPARINGA,MORPHETT VALE,100,531111,123,635944,0.197384351,0.296076526,28.28326186,88.58098038,1.046519054
ONKAPARINGA,NOARLUNGA CENTRE,,,,,,,46.87158393,75.3697218,2.401727125
ONKAPARINGA,NOARLUNGA DOWNS,17,545000,15,631250,0.158256881,0.237385321,35.10546004,73.19305503,0.802115784
ONKAPARINGA,O'HALLORAN HILL,10,636250,14,736000,0.156777996,0.235166994,28.93299733,76.1937925,1.364669602
ONKAPARINGA,OLD NOARLUNGA,8,601250,5,675000,0.122661123,0.183991684,5.761648195,70.5482256,2.38723184
ONKAPARINGA,OLD REYNELLA,13,602500,10,757750,0.257676349,0.386514523,31.13535411,86.16632831,1.339454634
ONKAPARINGA,ONKAPARINGA HEIGHTS,4,2233000,6,700500,-0.686296462,-1.029444693,49.51263866,77.59521365,1.777051895
ONKAPARINGA,ONKAPARINGA HILLS,4,822500,6,765000,-0.069908815,-0.104863222,7.864116747,68.12744433,1.295188796
ONKAPARINGA,O'SULLIVAN BEACH,7,587500,12,610000,0.038297872,0.057446809,26.39815297,91.48511006,1.048430405
ONKAPARINGA,PORT NOARLUNGA,10,700500,18,805000,0.149179158,0.223768737,43.99128052,73.43619275,2.467955296
ONKAPARINGA,PORT NOARLUNGA SOUTH,15,640000,10,782500,0.22265625,0.333984375,37.29766227,79.02435014,1.318668013
ONKAPARINGA,PORT WILLUNGA,7,683000,11,715000,0.046852123,0.070278184,35.15377131,91.72652388,2.288198407
ONKAPARINGA,REYNELLA,22,580000,23,672500,0.159482759,0.239224138,35.42172012,81.84832986,0.959909212
ONKAPARINGA,REYNELLA EAST,6,685000,13,698250,0.019343066,0.029014599,18.61506641,64.09143142,0.926209408
ONKAPARINGA,SEAFORD,15,657500,8,667500,0.015209125,0.022813688,15.38600037,92.89412433,0.562268166
ONKAPARINGA,SEAFORD HEIGHTS,3,710000,13,725000,0.021126761,0.031690141,40.65869662,81.96978186,1.803333651
ONKAPARINGA,SEAFORD MEADOWS,19,665000,33,710500,0.068421053,0.102631579,40.69555634,71.72169651,1.237052687
ONKAPARINGA,SEAFORD RISE,30,655000,18,660000,0.007633588,0.011450382,43.48654361,64.87452254,2.2287165
ONKAPARINGA,SELLICKS BEACH,10,709000,12,690000,-0.026798307,-0.040197461,45.74878708,87.79088162,1.446419813
ONKAPARINGA,SELLICKS HILL,,,,,,,26.05577754,81.70254646,2.436386856
ONKAPARINGA,TATACHILLA,,,,,,,25.57429844,78.67113822,0.871051031
ONKAPARINGA,THE RANGE,,,,,,,40.11646377,91.28624041,2.237246336
ONKAPARINGA,WHITES VALLEY,,,,,,,32.84823261,87.60090239,2.053193706
ONKAPARINGA,WILLUNGA,6,780000,9,941000,0.206410256,0.309615385,35.39637699,65.30862079,2.041843689
ONKAPARINGA,WILLUNGA SOUTH,1,1400000,,,,,39.9938408,70.91027237,2.189566456
ONKAPARINGA,WOODCROFT,31,654000,37,715000,0.093272171,0.139908257,44.61026175,68.69711989,2.022047982
PLAYFORD,ANDREWS FARM,59,456500,54,560000,0.226725082,0.340087623,17.56176269,86.03812024,1.752440643
PLAYFORD,ANGLE VALE,31,720000,59,715000,-0.006944444,-0.010416667,19.40356468,61.17363522,0.762489755
PLAYFORD,BIBARINGA,,,,,,,5.605115052,79.94613897,0.565052359
PLAYFORD,BLAKEVIEW,51,495000,64,590000,0.191919192,0.287878788,29.33572691,86.686054,2.341695696
PLAYFORD,BUCKLAND PARK,,,,,,,2.761171416,90.68679729,1.733300629
PLAYFORD,CRAIGMORE,40,484000,50,585000,0.208677686,0.313016529,23.81430289,71.97286121,2.093074582
PLAYFORD,DAVOREN PARK,30,353000,42,490000,0.388101983,0.582152975,27.5895871,88.74400566,1.463044703
PLAYFORD,EDINBURGH,,,,,,,15.04052135,63.87211079,0.734616378
PLAYFORD,EDINBURGH NORTH,,,,,,,29.95082977,89.62583021,0.750371584
PLAYFORD,ELIZABETH,3,400000,5,531000,0.3275,0.49125,2.494512247,64.46210318,1.871130574
PLAYFORD,ELIZABETH DOWNS,34,404750,40,517000,0.277331686,0.415997529,2.830061249,73.90505517,1.36061179
PLAYFORD,ELIZABETH EAST,16,408000,24,517500,0.268382353,0.402573529,41.30742747,87.9053378,0.901049453
PLAYFORD,ELIZABETH GROVE,7,411000,6,545000,0.326034063,0.489051095,18.64934143,65.24710996,1.483189093
PLAYFORD,ELIZABETH NORTH,17,380000,14,452000,0.189473684,0.284210526,7.22596512,68.02379883,0.628417874
PLAYFORD,ELIZABETH PARK,31,400000,33,502000,0.255,0.3825,26.58991974,85.27883989,1.663942804
PLAYFORD,ELIZABETH SOUTH,2,391250,6,505000,0.290734824,0.436102236,38.7296841,85.20127878,1.037986809
PLAYFORD,ELIZABETH VALE,13,426750,19,578000,0.354422964,0.531634446,11.57523035,82.44016715,2.095118201
PLAYFORD,EVANSTON PARK,21,491250,15,590000,0.201017812,0.301526718,31.52163332,84.28819556,1.120723918
PLAYFORD,EYRE,20,369000,14,530000,0.436314363,0.654471545,5.182025785,78.99535552,1.410440298
PLAYFORD,GOULD CREEK,,,,,,,3.532404337,68.81296706,0.52324108
PLAYFORD,HILLBANK,17,535250,21,652500,0.219056516,0.328584773,27.03637695,72.09935977,0.644893776
PLAYFORD,HILLIER,,,2,600000,,,27.49112096,66.35592009,1.284987113
PLAYFORD,HUMBUG SCRUB,,,,,,,32.23406517,91.79576965,1.459877669
PLAYFORD,MACDONALD PARK,,,,,,,36.57847535,80.41871282,1.700041096
PLAYFORD,MUNNO PARA,25,425000,43,560000,0.317647059,0.476470588,48.81675189,74.02979959,1.083325157
PLAYFORD,MUNNO PARA DOWNS,,,,,,,26.29871707,76.17020313,1.889963772
PLAYFORD,MUNNO PARA WEST,66,457000,49,578250,0.265317287,0.39797593,16.82486717,93.15491689,2.220244794
PLAYFORD,ONE TREE HILL,,,1,920000,,,39.96412354,65.36729911,2.059701978
PLAYFORD,PENFIELD,,,,,,,14.27078031,80.51804412,0.579237651
PLAYFORD,PENFIELD GARDENS,,,,,,,22.50959961,77.70610376,1.461013895
PLAYFORD,RIVERLEA PARK,9,789000,15,735000,-0.068441065,-0.102661597,4.844362686,81.40089824,0.709860357
PLAYFORD,SAMPSON FLAT,,,,,,,2.242186427,60.63385643,0.984090032
PLAYFORD,SMITHFIELD,9,407500,12,513750,0.260736196,0.391104294,48.16977232,90.52433681,2.473325187
PLAYFORD,SMITHFIELD PLAINS,18,427500,17,500000,0.169590643,0.254385965,41.96302591,92.62413989,0.784991086
PLAYFORD,ULEYBURY,,,,,,,35.1027361,79.77966143,1.497776307
PLAYFORD,VIRGINIA,11,734500,19,690250,-0.060245065,-0.090367597,21.03869428,84.38277884,1.736311469
PLAYFORD,WATERLOO CORNER,,,,,,,9.491421683,92.28747834,1.904929941
PLAYFORD,YATTALUNGA,,,,,,,8.665415091,84.7533522,1.619297367
PORT ADELAIDE ENFIELD,ALBERTON,5,660000,7,796500,0.206818182,0.310227273,13.26190201,65.3388665,0.519541695
PORT ADELAIDE ENFIELD,ANGLE PARK,4,634050,,,,,27.91210657,80.17009261,1.152922616
PORT ADELAIDE ENFIELD,BIRKENHEAD,11,711375,6,705000,-0.008961518,-0.013442277,36.01520021,81.23502662,1.535423287
PORT ADELAIDE ENFIELD,BLAIR ATHOL,18,737500,33,480000,-0.349152542,-0.523728814,33.34967146,74.8445735,0.675732998
PORT ADELAIDE ENFIELD,BROADVIEW,12,810000,10,882500,0.089506173,0.134259259,14.71676095,85.77554825,1.201253862
PORT ADELAIDE ENFIELD,CLEARVIEW,15,650000,16,800000,0.230769231,0.346153846,47.78839875,92.70284552,0.566406218
PORT ADELAIDE ENFIELD,CROYDON PARK,13,762750,14,827500,0.0848902,0.1273353,37.15694892,92.39489795,0.657156994
PORT ADELAIDE ENFIELD,DERNANCOURT,20,814500,14,793250,-0.026089626,-0.039134438,28.16334857,75.779378,1.293846552
PORT ADELAIDE ENFIELD,DEVON PARK,5,665000,7,792750,0.192105263,0.288157895,30.97431657,63.9633316,0.765431508
PORT ADELAIDE ENFIELD,DRY CREEK,1,605000,1,620000,0.024793388,0.037190083,21.56040306,94.46944196,1.635081697
PORT ADELAIDE ENFIELD,DUDLEY PARK,3,760000,1,487000,-0.359210526,-0.538815789,13.13881849,89.36143303,1.878929938
PORT ADELAIDE ENFIELD,ENFIELD,36,608750,22,802500,0.318275154,0.477412731,18.44266125,64.36319384,2.101173398
PORT ADELAIDE ENFIELD,ETHELTON,5,850000,5,730000,-0.141176471,-0.211764706,38.13445941,92.22946589,0.900300488
PORT ADELAIDE ENFIELD,EXETER,,,1,825000,,,1.705280943,90.44637267,0.834965165
PORT ADELAIDE ENFIELD,FERRYDEN PARK,9,750000,11,730000,-0.026666667,-0.04,6.687559385,78.159332,0.709135681
PORT ADELAIDE ENFIELD,GEPPS CROSS,1,555000,3,656000,0.181981982,0.272972973,3.254129459,80.69464025,1.772860499
PORT ADELAIDE ENFIELD,GILLES PLAINS,12,687500,8,746000,0.085090909,0.127636364,2.995711314,73.96509464,1.912951453
PORT ADELAIDE ENFIELD,GILLMAN,2,545000,,,,,42.91756862,61.91665736,0.56317229
PORT ADELAIDE ENFIELD,GLANVILLE,3,595000,2,773000,0.299159664,0.448739496,35.47923511,71.73190346,2.372424492
PORT ADELAIDE ENFIELD,GREENACRES,13,670000,15,881000,0.314925373,0.47238806,24.23451763,88.0998707,0.603942567
PORT ADELAIDE ENFIELD,HAMPSTEAD GARDENS,7,723500,5,975000,0.347615757,0.521423635,5.793873872,60.16212081,1.582592671
PORT ADELAIDE ENFIELD,HILLCREST,11,670750,19,808000,0.204621692,0.306932538,25.08917788,71.67247101,1.918121039
PORT ADELAIDE ENFIELD,HOLDEN HILL,15,630000,18,777000,0.233333333,0.35,24.20011677,73.93590428,2.241938247
PORT ADELAIDE ENFIELD,KILBURN,7,612000,10,1063000,0.736928105,1.105392157,9.486891626,78.8088461,1.928173864
PORT ADELAIDE ENFIELD,KLEMZIG,21,775000,27,853000,0.100645161,0.150967742,22.25873081,92.19494657,2.103456166
PORT ADELAIDE ENFIELD,LARGS BAY,12,937000,12,877500,-0.063500534,-0.0952508,20.52673199,72.1221098,1.178900385
PORT ADELAIDE ENFIELD,LARGS NORTH,14,668500,21,855000,0.278982797,0.418474196,31.1766548,72.14336207,2.129650227
PORT ADELAIDE ENFIELD,LIGHTSVIEW,42,629000,45,737400,0.172337043,0.258505564,32.11958889,85.81254368,0.660229693
PORT ADELAIDE ENFIELD,MANNINGHAM,4,876944,5,1472000,0.678556441,1.017834662,3.219896479,75.82762793,2.289633312
PORT ADELAIDE ENFIELD,MANSFIELD PARK,13,655000,14,755000,0.152671756,0.229007634,19.35601812,67.8611688,1.595184752
PORT ADELAIDE ENFIELD,NEW PORT,18,485300,,,,,31.66713587,75.83538306,2.13459554
PORT ADELAIDE ENFIELD,NORTH HAVEN,14,660000,15,802000,0.215151515,0.322727273,25.65367667,64.92999571,1.404636569
PORT ADELAIDE ENFIELD,NORTHFIELD,12,671500,14,750750,0.11801936,0.177029039,42.96800222,66.17354453,1.78715539
PORT ADELAIDE ENFIELD,NORTHGATE,8,913000,2,1057500,0.158269441,0.237404162,33.27598795,77.44287205,1.552805322
PORT ADELAIDE ENFIELD,OAKDEN,7,732500,14,770250,0.051535836,0.077303754,8.983786927,74.66239073,1.963179044
PORT ADELAIDE ENFIELD,OSBORNE,10,550000,11,725000,0.318181818,0.477272727,4.457868623,92.01960654,0.663259964
PORT ADELAIDE ENFIELD,OTTOWAY,8,629000,9,670000,0.06518283,0.097774245,32.47854463,72.68378647,0.620704168
PORT ADELAIDE ENFIELD,OUTER HARBOR,,,,,,,2.299054217,80.32059226,0.994206468
PORT ADELAIDE ENFIELD,PETERHEAD,6,677500,5,730000,0.077490775,0.116236162,29.70300348,82.12925008,0.81908936
PORT ADELAIDE ENFIELD,PORT ADELAIDE,1,712000,8,610000,-0.143258427,-0.21488764,47.07128183,60.45830598,2.243567133
PORT ADELAIDE ENFIELD,QUEENSTOWN,5,715000,5,755000,0.055944056,0.083916084,29.19823472,83.22380802,0.938427975
PORT ADELAIDE ENFIELD,REGENCY PARK,,,,,,,20.02032638,66.23125884,2.451730512
PORT ADELAIDE ENFIELD,ROSEWATER,6,638500,16,731000,0.144870791,0.217306186,32.5211227,93.63746111,1.173791584
PORT ADELAIDE ENFIELD,SEFTON PARK,4,772500,1,1585000,1.051779935,1.577669903,23.45439163,65.20319547,0.864235831
PORT ADELAIDE ENFIELD,SEMAPHORE,6,975000,8,1342000,0.376410256,0.564615385,27.73522268,74.51184433,2.079397014
PORT ADELAIDE ENFIELD,SEMAPHORE SOUTH,2,831000,2,1093750,0.316185319,0.474277978,47.13177563,62.98723838,1.817415551
PORT ADELAIDE ENFIELD,TAPEROO,7,739250,9,685000,-0.073385188,-0.110077782,19.91902925,94.89059881,1.496391433
PORT ADELAIDE ENFIELD,VALLEY VIEW,32,637500,27,719000,0.127843137,0.191764706,48.09833763,77.57682536,1.610727102
PORT ADELAIDE ENFIELD,WALKLEY HEIGHTS,9,750000,12,923586,0.231448,0.347172,45.36218146,80.83847561,1.938403557
PORT ADELAIDE ENFIELD,WINDSOR GARDENS,21,755000,19,750000,-0.006622517,-0.009933775,10.5937656,62.34767671,0.956909483
PORT ADELAIDE ENFIELD,WINGFIELD,1,380000,2,579000,0.523684211,0.785526316,4.398703743,86.24861646,2.492667832
PORT ADELAIDE ENFIELD,WOODVILLE GARDENS,4,730000,6,820000,0.123287671,0.184931507,5.938122067,67.34669576,2.449586324
PROSPECT,BROADVIEW,12,810000,10,882500,0.089506173,0.134259259,1.892869457,91.43190013,1.800651373
PROSPECT,COLLINSWOOD,1,755000,1,910000,0.205298013,0.30794702,5.627705077,67.17988742,0.899084902
PROSPECT,FITZROY,4,2455000,,,,,34.4673319,66.67407022,1.860456485
PROSPECT,MEDINDIE GARDENS,,,2,1694000,,,4.488243775,61.27923837,0.644396818
PROSPECT,NAILSWORTH,8,1237500,5,1117000,-0.097373737,-0.146060606,16.62980588,76.52234308,0.561305004
PROSPECT,OVINGHAM,1,1150000,,,,,42.39889024,79.76943966,1.015365777
PROSPECT,PROSPECT,40,1040000,27,1287500,0.237980769,0.356971154,2.140324851,62.29980238,1.425245913
PROSPECT,SEFTON PARK,4,772500,1,1585000,1.051779935,1.577669903,40.90895565,87.14346658,2.236545011
PROSPECT,THORNGATE,1,1275000,1,1400000,0.098039216,0.147058824,14.81088396,75.86510922,1.95433814
SALISBURY,BOLIVAR,,,,,,,6.790076553,78.35365943,1.985413042
SALISBURY,BRAHMA LODGE,13,487000,13,595000,0.221765914,0.332648871,35.1401211,75.42669614,1.350986669
SALISBURY,BURTON,18,542500,25,575000,0.059907834,0.089861751,31.81819949,74.02670713,1.191869985
SALISBURY,CAVAN,,,,,,,43.99612866,79.5874116,1.242077526
SALISBURY,DIREK,1,439000,3,650000,0.480637813,0.72095672,37.01848115,65.43340861,2.475299127
SALISBURY,DRY CREEK,1,605000,1,620000,0.024793388,0.037190083,40.37056559,66.36748457,0.580218383
SALISBURY,EDINBURGH,,,,,,,14.81969406,90.16249674,2.234062992
SALISBURY,ELIZABETH VALE,13,426750,19,578000,0.354422964,0.531634446,9.694537645,93.11404117,1.657350817
SALISBURY,GLOBE DERBY PARK,,,,,,,37.78012283,73.06582607,1.377230838
SALISBURY,GREEN FIELDS,,,,,,,40.53490222,69.47606356,1.950515321
SALISBURY,GULFVIEW HEIGHTS,14,729000,20,780000,0.069958848,0.104938272,49.53475196,82.53998401,1.473337883
SALISBURY,INGLE FARM,42,550500,50,687500,0.248864668,0.373297003,21.21826617,74.30569599,2.246846476
SALISBURY,MAWSON LAKES,48,740000,47,750000,0.013513514,0.02027027,19.2288862,60.88852245,2.301403728
SALISBURY,MODBURY HEIGHTS,24,660000,28,771000,0.168181818,0.252272727,39.04423508,65.46534091,1.343441854
SALISBURY,PARA HILLS,37,560000,35,665000,0.1875,0.28125,17.69937347,85.05902801,1.053655594
SALISBURY,PARA HILLS WEST,8,524000,9,606250,0.156965649,0.235448473,46.60710895,83.06233797,1.684700657
SALISBURY,PARA VISTA,6,587750,8,690000,0.173968524,0.260952786,43.06222484,60.94835974,2.324726691
SALISBURY,PARAFIELD GARDENS,40,566500,55,670000,0.182700794,0.274051192,22.02070734,67.76902567,0.921324378
SALISBURY,PARALOWIE,52,507750,78,625000,0.230920729,0.346381093,37.79268232,68.08761788,1.745933167
SALISBURY,POORAKA,22,616000,24,714500,0.159902597,0.239853896,37.97260083,83.51624603,1.76312044
SALISBURY,SALISBURY,28,520000,26,613250,0.179326923,0.268990385,6.053069573,60.68986882,1.966226045
SALISBURY,SALISBURY DOWNS,21,537000,31,622500,0.159217877,0.238826816,45.22509243,63.64380037,0.76313537
SALISBURY,SALISBURY EAST,32,502500,38,605000,0.2039801,0.305970149,25.75736625,87.99706299,1.931649929
SALISBURY,SALISBURY HEIGHTS,18,610000,12,656500,0.076229508,0.114344262,41.49641584,66.24906317,2.318065041
SALISBURY,SALISBURY NORTH,33,451000,33,580000,0.286031042,0.429046563,16.68243045,82.84611377,0.859366218
SALISBURY,SALISBURY PARK,11,495000,8,604500,0.221212121,0.331818182,44.8806382,68.33639734,0.97508665
SALISBURY,SALISBURY PLAIN,5,500000,6,620000,0.24,0.36,20.07088226,63.48044875,2.442790188
SALISBURY,SALISBURY SOUTH,,,,,,,1.531044923,68.51102668,0.861953905
SALISBURY,ST KILDA,,,,,,,45.36371684,85.27934261,2.208770187
SALISBURY,VALLEY VIEW,32,637500,27,719000,0.127843137,0.191764706,5.473047163,89.94937638,1.484555713
SALISBURY,WALKLEY HEIGHTS,9,750000,12,923586,0.231448,0.347172,16.64636824,89.05769526,0.994462149
SALISBURY,WATERLOO CORNER,,,,,,,47.55303639,73.90142354,2.241499803
TEA TREE GULLY,BANKSIA PARK,15,590000,17,680000,0.152542373,0.228813559,47.5797502,83.38297978,1.39061051
TEA TREE GULLY,DERNANCOURT,20,814500,14,793250,-0.026089626,-0.039134438,29.09845652,67.17445034,1.529634708
TEA TREE GULLY,FAIRVIEW PARK,18,645888,9,755000,0.168933314,0.25339997,31.9600234,70.26017056,1.218466739
TEA TREE GULLY,GILLES PLAINS,12,687500,8,746000,0.085090909,0.127636364,22.97383058,91.37175365,1.685901703
TEA TREE GULLY,GOLDEN GROVE,29,737500,18,863500,0.170847458,0.256271186,15.36732781,60.45506732,0.827047745
TEA TREE GULLY,GOULD CREEK,,,,,,,17.10456272,62.99279858,1.282163073
TEA TREE GULLY,GREENWITH,21,700000,33,756000,0.08,0.12,33.95340435,67.27601893,2.438824645
TEA TREE GULLY,GULFVIEW HEIGHTS,14,729000,20,780000,0.069958848,0.104938272,37.86635194,60.92862714,1.016266865
TEA TREE GULLY,HIGHBURY,29,881500,17,927500,0.052183778,0.078275666,39.78737314,66.35024023,1.813473329
TEA TREE GULLY,HOLDEN HILL,15,630000,18,777000,0.233333333,0.35,39.691289,80.40645463,1.150380128
TEA TREE GULLY,HOPE VALLEY,25,710000,26,710000,0,0,5.469099049,74.74985927,2.046946251
TEA TREE GULLY,MODBURY,29,605500,22,760000,0.255161024,0.382741536,25.22659493,91.24350989,0.761747321
TEA TREE GULLY,MODBURY HEIGHTS,24,660000,28,771000,0.168181818,0.252272727,3.820379241,88.61052466,2.43964209
TEA TREE GULLY,MODBURY NORTH,25,600000,25,710000,0.183333333,0.275,27.92691523,71.96360731,1.407579083
TEA TREE GULLY,REDWOOD PARK,24,611250,24,720000,0.17791411,0.266871166,22.63499457,69.07982017,0.972100927
TEA TREE GULLY,RIDGEHAVEN,19,665500,17,681000,0.023290759,0.034936138,44.49750496,73.28923429,0.646993495
TEA TREE GULLY,ST AGNES,15,670000,14,753500,0.124626866,0.186940299,18.19483562,80.66032299,0.83951581
TEA TREE GULLY,SURREY DOWNS,14,600000,16,688000,0.146666667,0.22,6.736283805,69.38222743,1.539547897
TEA TREE GULLY,TEA TREE GULLY,11,591250,15,869000,0.469767442,0.704651163,8.006592421,81.84521177,1.174006353
TEA TREE GULLY,VALLEY VIEW,32,637500,27,719000,0.127843137,0.191764706,38.31402095,74.32940783,2.157766732
TEA TREE GULLY,VISTA,4,717500,6,750000,0.045296167,0.067944251,31.2926851,79.32165133,1.361775047
TEA TREE GULLY,WYNN VALE,,,,,,,5.95501113,75.26442852,0.997428545
TEA TREE GULLY,YATALA VALE,,,,,,,5.1212335,70.30630158,1.734289973
UNLEY,BLACK FOREST,3,852500,5,1477500,0.73313783,1.099706745,35.34748744,93.19586574,1.913554434
UNLEY,CLARENCE PARK,8,1221500,9,1350000,0.105198526,0.15779779,4.565387312,86.7262028,0.834083816
UNLEY,EVERARD PARK,4,931250,,,,,41.27114291,64.90396115,0.835238433
UNLEY,FORESTVILLE,3,1667500,1,928000,-0.443478261,-0.665217391,35.60586913,90.39637916,0.573342854
UNLEY,FULLARTON,4,1340000,6,1483000,0.106716418,0.160074627,4.986090251,77.06009194,1.97280403
UNLEY,GOODWOOD,9,1430000,7,1680000,0.174825175,0.262237762,5.15704799,91.30932794,1.827609055
UNLEY,HIGHGATE,5,1510000,8,1976000,0.308609272,0.462913907,49.34533935,87.99493396,1.449261751
UNLEY,HYDE PARK,1,2450000,5,2250000,-0.081632653,-0.12244898,19.33926899,74.88247266,2.188340898
UNLEY,KESWICK,3,1025000,3,935000,-0.087804878,-0.131707317,19.16146521,60.78642579,2.111340306
UNLEY,KINGS PARK,2,1320500,,,,,40.8271788,69.40370758,1.670708729
UNLEY,MALVERN,7,2000000,7,1905000,-0.0475,-0.07125,47.41518029,78.95719751,2.236542561
UNLEY,MILLSWOOD,5,1660000,4,1700000,0.024096386,0.036144578,49.31405213,82.17173769,0.91168242
UNLEY,MYRTLE BANK,4,1577500,8,1710000,0.083993661,0.125990491,37.91553108,69.02606899,0.723839239
UNLEY,PARKSIDE,12,1280500,18,1320000,0.030847325,0.046270988,19.43671969,64.87746259,1.039499223
UNLEY,UNLEY,6,1670000,16,2240000,0.341317365,0.511976048,5.091535118,89.22255829,0.614173712
UNLEY,UNLEY PARK,3,1711000,3,2552500,0.49181765,0.737726476,39.08019888,94.45407632,1.562339056
UNLEY,WAYVILLE,5,1532500,2,1700000,0.109298532,0.163947798,28.36180824,78.39915638,2.373211385
WALKERVILLE,GILBERTON,,,5,1660000,,,21.78687845,66.008775,0.578687081
WALKERVILLE,MEDINDIE,2,2515444,7,3097500,0.231392947,0.34708942,45.41136487,69.53075643,0.744219828
WALKERVILLE,VALE PARK,15,1060000,11,1125000,0.061320755,0.091981132,6.448676633,60.64367368,1.404398057
WALKERVILLE,WALKERVILLE,3,3625000,11,2250000,-0.379310345,-0.568965517,25.13863011,92.00045823,2.367750035
WEST TORRENS,ADELAIDE AIRPORT,,,,,,,1.556328594,64.1212879,1.13231221
WEST TORRENS,ASHFORD,2,1052500,,,,,23.96437146,80.17807664,1.514469617
WEST TORRENS,BROOKLYN PARK,9,720000,17,900000,0.25,0.375,3.758860508,69.59193272,0.583145718
WEST TORRENS,CAMDEN PARK,13,828500,4,897500,0.083283042,0.124924562,6.822077897,79.39623009,0.796686402
WEST TORRENS,COWANDILLA,3,765000,,,,,6.758786092,82.79971359,2.473260246
WEST TORRENS,FULHAM,9,1175500,14,1340000,0.139940451,0.209910676,32.8113048,89.04096313,2.430237393
WEST TORRENS,GLANDORE,11,985000,9,1205000,0.223350254,0.335025381,37.55619908,67.22474451,0.509879962
WEST TORRENS,GLENELG NORTH,18,1058750,33,1300000,0.227863046,0.341794569,29.58506949,60.384854,2.403623571
WEST TORRENS,HILTON,2,655750,1,800000,0.219977125,0.329965688,48.14645488,64.79099705,1.778239876
WEST TORRENS,KESWICK,3,1025000,3,935000,-0.087804878,-0.131707317,19.3686584,91.50065246,2.235836589
WEST TORRENS,KESWICK TERMINAL,,,,,,,14.99989223,90.58615271,1.409479711
WEST TORRENS,KURRALTA PARK,5,765000,6,938000,0.226143791,0.339215686,43.56135728,80.90945858,1.531192057
WEST TORRENS,LOCKLEYS,19,1025000,24,1118000,0.090731707,0.136097561,11.95619609,81.01809012,1.477693161
WEST TORRENS,MARLESTON,4,849000,6,926000,0.090694935,0.136042403,48.19790443,83.27628361,1.833728515
WEST TORRENS,MILE END,13,1034500,9,895000,-0.134847753,-0.202271629,1.59556926,66.13799475,0.77930251
WEST TORRENS,MILE END SOUTH,,,,,,,48.52406251,92.00441811,0.55994718
WEST TORRENS,NETLEY,10,820000,11,895600,0.092195122,0.138292683,3.114835686,74.65696837,1.115859883
WEST TORRENS,NORTH PLYMPTON,13,850000,12,950000,0.117647059,0.176470588,44.66601257,73.40984849,1.909361525
WEST TORRENS,NOVAR GARDENS,3,1092500,12,1007500,-0.077803204,-0.116704805,26.85735435,78.16211968,0.903706904
WEST TORRENS,PLYMPTON,5,942750,16,1066888,0.131676478,0.197514718,49.65527501,61.64380884,1.846864867
WEST TORRENS,RICHMOND,10,762000,11,925000,0.213910761,0.320866142,4.616031672,65.81991791,2.439824092
WEST TORRENS,THEBARTON,4,875000,4,1027500,0.174285714,0.261428571,28.13885994,85.83117657,0.687801432
WEST TORRENS,TORRENSVILLE,13,1058128,12,1037000,-0.019967339,-0.029951008,48.49582425,62.89795338,1.845204236
WEST TORRENS,UNDERDALE,3,1104000,8,1070000,-0.030797101,-0.046195652,26.63179436,81.11032383,1.387500439
WEST TORRENS,WEST BEACH,21,1082000,12,1250000,0.155268022,0.232902033,31.84053327,68.58721884,2.236284509
WEST TORRENS,WEST RICHMOND,3,580000,2,790000,0.362068966,0.543103448,35.09168576,73.62534649,0.854299579
